sourceRef,label,grams
170306,inch sub,228.0
170306,inch sub,457.0
170308,inch sub,413.0
170308,inch sub,207.0
172027,cup elbows not packed not packed,111.0
172027,cup spaghetti packed,166.0
172027,cup(not packed) not packed,132.0
170705,inch sub,228.0
170705,inch sub,457.0
174099,slice,34.0
170309,inch sub,396.0
170309,inch sub,198.0
170311,inch sub,201.0
170311,inch sub,401.0
173265,cup spaghetti,141.0
173264,cup spaghetti,121.0
172939,"link (4"" long x 1-1/8"" dia)",68.0
172939,"link,  little (2"" long x 3/4"" dia)",16.0
170314,inch sub,198.0
170314,inch sub,396.0
170310,inch sub,401.0
170310,inch sub,201.0
170960,bottle Heinz Strained (4 fl oz),125.0
170960,jar,127.0
170960,fl oz,31.2
174100,slice,35.0
170753,sandwich,271.0
170752,sandwich,268.0
170707,inch sub,184.0
170707,inch sub,368.0
170298,inch sub,381.0
170298,inch sub,190.0
170299,inch sub,474.0
170299,inch sub,237.0
170706,inch sub,184.0
170706,inch sub,367.0
174668,cup,237.0
168214,cup,228.0
174670,cup,249.0
168198,fl oz,250.0
172965,slice,38.0
167737,teaspoon,4.5
167737,tablespoon,14.0
174590,link,9.0
174590,serving,57.0
172026,cup penne not packed,131.0
172026,cup elbows not packed,131.0
172026,cup spaghetti not packed,169.0
172026,cup fettucini not packed,153.0
172026,cup spirals not packed,136.0
172026,cup shells not packed,156.0
167698,links 1 NLEA serving,60.0
167698,links 1 NLEA serving,45.0
171862,roll,78.0
174616,link,19.0
174605,link,84.0
174579,"patty, cooked (raw dimensions: 3-7/8"" dia x 1/4"" thick)",27.0
174579,"link (raw dimensions: 4"" long x 7/8"" dia), cooked",13.0
172955,oz serving 2.7 oz,77.0
171632,serving,57.0
173883,serving,56.0
173883,oz,85.0
174585,oz,85.0
174599,oz,28.35
167694,oz,28.0
167694,"oz cooked, yield",21.0
167694,"patty, cooked",25.0
167694,"cup, cooked",130.0
172948,oz,85.0
172948,lb 16 oz,453.6
172942,"sausage (7/8"" dia x 2"" long)",16.0
172942,"sausages (drained contents from can, net wt 4 oz)",113.0
170712,inch sub,368.0
170712,inch sub,184.0
170713,inch sub,190.0
170713,inch sub,381.0
170316,inch sub,237.0
170316,inch sub,474.0
170711,inch sub,367.0
170711,inch sub,184.0
171351,bottle Beech-Nut Stage 2 (4 fl oz),125.0
171351,bottle Gerber Second Foods (4 fl oz),125.0
171351,bottle Earth's Best (4.2 fl oz),131.0
171351,bottle Heinz Strained (4 fl oz),125.0
171351,fl oz,31.2
171351,bottle NFS,125.0
168090,fl oz,31.5
168090,bottle NFS,126.0
173533,oz,28.35
172300,oz,28.35
173487,serving,99.0
171381,bottle Gerber Second Foods (4 fl oz),125.0
171381,bottle Heinz Strained (4 fl oz),125.0
171381,bottle Beech-Nut Stage 2 (4 fl oz),125.0
171381,bottle Earth's Best (4.2 fl oz),131.0
171381,jar,127.0
171381,fl oz,31.2
171352,fl oz,31.2
171352,jar,127.0
169042,bottle NFS,246.0
169042,fl oz,30.8
171355,fl oz,31.2
171355,jar,127.0
170961,fl oz,31.2
170961,jar,127.0
170962,fl oz,31.2
170962,jar,127.0
169043,bottle NFS,246.0
169043,fl oz,30.8
169584,"serving 0.5 oz, about 1 tbsp",14.0
173733,cup,246.0
170820,oz,85.0
170820,roast,609.0
171215,roast,586.0
171215,oz,85.0
171216,oz,85.0
171216,roast,645.0
168674,roast,609.0
168674,oz,85.0
169496,oz,85.0
169496,roast,586.0
169497,oz,85.0
169497,roast,645.0
173332,cup,236.0
170200,"piece, cooked, excluding refuse (yield from 1 lb raw meat with refuse)",320.0
170200,oz,85.0
174730,oz,85.0
174160,serving,266.0
173223,fl oz,31.2
173223,cup (8 fl oz),250.0
174168,serving 8 oz,243.0
173872,slice,28.0
173872,serving,28.0
172970,serving,28.0
172970,slice,28.0
174610,oz,28.35
172958,serving 2.33 oz,66.0
174101,slice,28.0
174102,slice,25.0
173315,sandwich,171.0
169628,serving 1.5 oz,42.0
168755,bar (1.4 oz),40.0
168755,bar (1.45 oz),45.0
168755,bar (1.55 oz),44.0
168755,"bar, miniature",10.0
168755,bar (1.65 oz),47.0
170669,serving 1 bar,56.0
169630,oz bar,56.0
167947,bar,35.0
168138,cup (1 NLEA serving),30.0
173914,cup,244.0
173914,cup,183.0
168860,oz,28.35
169081,oz,28.35
169081,cup,240.0
171623,links,100.0
171471,"back, bone removed",72.0
171471,unit (yield from 1 lb ready-to-cook chicken),44.0
171476,unit (yield from 1 lb ready-to-cook chicken),59.0
171476,"breast, bone removed",98.0
171064,unit (yield from 1 lb ready-to-cook chicken),110.0
171064,"chicken, bone removed",184.0
173611,"drumstick, bone removed",49.0
173611,unit (yield from 1 lb ready-to-cook chicken),29.0
173616,"leg, bone removed",112.0
173616,unit (yield from 1 lb ready-to-cook chicken),67.0
171460,"chicken, bone removed",130.0
171460,unit (yield from 1 lb ready-to-cook chicken),78.0
171049,unit (yield from 1 lb ready-to-cook chicken),212.0
171049,chicken,708.0
171049,oz,85.0
171449,oz,85.0
171449,"chicken, bone removed",314.0
171449,unit (yield from 1 lb ready-to-cook chicken),188.0
173621,"neck, bone removed",36.0
173621,unit (yield from 1 lb ready-to-cook chicken),11.0
171454,"chicken, skin only",56.0
171454,unit (yield from 1 lb ready-to-cook chicken),33.0
173624,unit (yield from 1 lb ready-to-cook chicken),38.0
173624,"thigh, bone removed",62.0
173629,"wing, bone removed",32.0
173629,unit (yield from 1 lb ready-to-cook chicken),19.0
174103,crackers,10.7
170857,"container, individual",11.1
170857,fl oz,30.0
170857,tbsp,15.0
170857,cup,240.0
170361,"pie 12"" diameter",688.0
170361,slice 1/4 of pie,164.0
173861,slice,38.0
173322,item,219.0
170787,burrito,109.0
170785,item,133.0
173270,item,155.0
173271,sandwich,171.0
172034,item,165.0
172056,item,199.0
170368,sandwich,230.0
170786,item,123.0
170775,fl oz,347.0
170313,inch sub,148.0
170313,inch sub,296.0
170696,inch sub,391.0
170696,inch sub,196.0
170689,each taco,69.0
170763,each taco,102.0
170764,each taco,98.0
173577,cup,218.0
173577,tsp,4.5
173577,tbsp,13.6
172343,tsp,4.5
172343,tbsp,13.6
172343,cup,218.0
171956,oz,85.0
171956,fillet,180.0
175178,oz,85.0
171990,fillet,90.0
171990,oz,85.0
174251,oz,85.0
175168,fillet,178.0
175168,oz,85.0
171998,oz,85.0
171998,fillet,154.0
171999,fillet,154.0
171999,oz,85.0
172000,fillet,154.0
172000,oz,85.0
173716,fillet,143.0
173716,oz,85.0
173719,fillet,178.0
173719,oz,85.0
175137,oz,85.0
175137,fillet,155.0
172001,fillet,124.0
172001,oz,85.0
173692,oz,85.0
173692,fillet,155.0
172003,fillet,37.0
172003,oz,85.0
173707,oz,85.0
173708,oz,28.35
173708,oz,85.0
173708,"can (12.5 oz), drained",321.0
173708,can,171.0
173708,"cup, solid or chunks",146.0
174227,oz,85.0
174227,can,171.0
172005,fillet,154.0
172005,oz,85.0
175157,can,178.0
175157,oz,85.0
171987,oz,85.0
171987,can,178.0
172006,oz,85.0
173139,bar,55.0
172949,frank 1 NLEA serving,57.0
167683,bar,78.0
167721,oz,71.0
173029,cup,130.0
173029,cup,260.0
173026,cup,123.0
173028,cup,248.0
173027,cup,242.0
174667,cup,237.0
167799,cup,233.0
168213,cup,233.0
174672,cup,259.0
174671,cup,252.0
174669,cup,245.0
168095,oz,28.35
174611,oz (1 serving),55.0
172943,oz,28.35
172943,"slice (4"" dia x 1/8"" thick)",23.0
172228,unit,96.0
169784,box,595.0
169784,biscuit,128.0
168197,fl oz,250.0
173324,fl oz cup,348.0
172950,oz 1 NLEA serving,56.0
174587,"slice (4"" dia x 1/8"" thick)",23.0
174587,oz,28.35
172060,item 7 oz,199.0
167686,cup,137.0
169734,cup,160.0
169422,"cup, whole",129.0
169422,oz (18 kernels),28.35
169422,"cup, halves and pieces",129.0
170572,"cup, whole",129.0
170572,"cup, halves and pieces",129.0
170572,oz (18 kernels),28.35
169858,serving,304.0
167657,serving varied from 2-3 tacos per serving,324.0
167938,piece (1 serving),42.0
169730,oz,57.0
168900,cup,140.0
168901,oz,57.0
168902,oz,57.0
174578,patty,27.0
174578,link,23.0
174578,serving,48.0
172971,link,21.0
172971,patty,30.0
172971,serving,48.0
173876,link,23.0
173876,patty,37.0
171636,oz,85.0
171636,package,343.0
173882,oz,85.0
169164,oz (3 oz),85.0
169164,roast rump,2970.0
167915,serving (3 oz),85.0
167915,roast rump,2970.0
169165,roast shank,3054.0
169165,oz (3 oz),85.0
167917,oz (3 oz),85.0
167917,roast shank,3054.0
168349,oz (3 oz),85.0
168349,roast,1867.0
169148,oz,85.0
169148,roast whole,1867.0
168350,roast rump,2533.0
168350,oz (3 oz),85.0
168332,oz (3 oz),85.0
168332,roast rump,2533.0
168351,roast shank,3204.0
168351,oz (3 oz),85.0
169150,oz (3 oz),85.0
169150,roast shank,3204.0
169169,roast,1995.0
169169,oz (3 oz),85.0
168327,serving (3 oz),85.0
168327,roast,1995.0
168327,oz,85.0
169170,roast rump,2673.0
169170,oz (3 oz),85.0
167919,roast rump,2673.0
167919,oz (3 oz),85.0
169171,oz (3 oz),85.0
169171,roast shank,3170.0
167920,roast shank,3170.0
167920,serving (3 oz),85.0
168354,slice,145.0
168354,roast,920.0
168354,oz (3 oz),85.0
168331,serving (3 oz),85.0
168331,roast,920.0
168331,slice,145.0
168331,oz,85.0
168355,roast,1497.0
168355,oz (3 oz),85.0
168334,oz (3 oz),85.0
168334,roast,1497.0
167871,cup,140.0
167871,oz,85.0
168296,cup,140.0
168296,oz,85.0
168111,oz,85.0
168111,lb,453.0
169906,"cubic inch, boneless",17.0
169906,"oz, boneless",85.0
167872,oz,85.0
167872,cup,140.0
168280,oz,85.0
168280,cup,140.0
167886,cup,140.0
167886,oz,85.0
168110,"cubic inch, boneless",17.0
168110,"oz, boneless",85.0
168281,oz,85.0
168281,cup,140.0
168356,oz (3 oz),85.0
168356,roast rump,2874.0
169173,oz (3 oz),85.0
169173,roast rump,2874.0
168357,oz (3 oz),85.0
168357,roast shank,2800.0
169175,roast shank,2800.0
169175,oz (3 oz),85.0
168284,cup,140.0
168284,oz,85.0
167878,oz,85.0
167878,oz,28.35
167815,oz,85.0
167815,"cup, diced",135.0
167817,roast,3027.0
167817,oz,85.0
168227,oz,85.0
168227,roast,2900.0
168229,oz,85.0
168229,roast,2900.0
168223,"cup, diced",135.0
168223,oz,85.0
168225,"cup, diced",135.0
168225,oz,85.0
167658,serving varied from 1 to 3 tacos per serving,281.0
167658,taco,134.0
167658,taco,279.0
167658,taco,389.0
168107,cubic inch,4.2
171861,roll,36.0
171863,roll,69.0
167805,fl oz,248.0
172936,slice round,12.3
170606,sausage,43.0
170606,oz,28.35
174618,serving,43.0
171617,oz,28.35
171617,slice,23.0
169781,biscuit,126.0
169781,box,526.0
174586,link,87.0
174588,oz,28.35
174588,"slice (4"" dia x 1/8"" thick)",23.0
172953,pieces,55.0
172953,serving 5 pieces,55.0
172954,serving 2.67 oz,76.0
174584,"link (4"" long x 1-1/8"" dia)",68.0
174584,"link, little (2"" long x 3/4"" dia)",16.0
173871,serving,57.0
174580,cup,128.0
169415,cup,118.0
169415,oz,28.35
170557,cup,118.0
170557,oz,28.35
168601,oz (85 seeds),28.35
168601,cup,64.0
170188,cup,64.0
170188,oz (85 seeds),28.35
175230,container,170.0
167545,bar (1.25 oz),35.0
167545,bar (1 oz),28.0
167547,bar,37.0
167547,oz,28.35
167554,oz,28.35
167554,can (6.75 oz),198.0
167963,bag (7 oz),198.0
167963,oz,28.35
169679,cakes,18.0
169679,cake,9.0
167966,cakes,18.0
167966,cake,9.0
172892,cup,245.0
172893,"can (10.75 oz), prepared",602.0
172893,cup (8 fl oz),248.0
174537,"can (10.75 oz), prepared",602.0
174537,fl oz,31.0
174537,cup (8 fl oz),248.0
174540,fl oz,31.5
174540,serving 1 cup,252.0
174541,cup (8 fl oz),248.0
174541,"can (10.75 oz), prepared",602.0
172897,"can (10.75 oz), prepared",602.0
172897,cup (8 fl oz),248.0
172898,cup (8 fl oz),253.0
172898,fl oz,31.6
170312,inch sub,296.0
170312,inch sub,148.0
170315,inch sub,196.0
170315,inch sub,391.0
170307,inch sub,413.0
170307,inch sub,207.0
168478,cup,266.0
174601,serving 2.7 oz,77.0
170332,each taco,69.0
170333,each taco,102.0
170732,each taco,98.0
172940,oz 1 serving,56.0
172208,container (6 oz),170.0
172221,container (6 oz),170.0
173464,cup,68.0
167771,cup,248.0
167771,fl oz,31.0
167800,fl oz,177.0
167800,fl oz,295.0
173933,cup,248.0
173933,drink box (8.45 fl oz),262.0
173933,fl oz,31.0
173935,fl oz,29.9
173935,cup,239.0
167775,cup,239.0
167775,fl oz,29.9
168188,can (6 fl oz),211.0
173934,can (6 fl oz),211.0
167690,jar Beech-Nut Stage 2 (4 oz),113.0
167690,tbsp,15.0
167690,jar NFS,113.0
167733,jar NFS,113.0
167733,jar Gerber Second Food (4 oz),113.0
167733,tbsp,15.0
172296,oz,28.35
170973,oz,14.2
170973,tbsp,2.4
173532,oz,28.35
172298,oz,28.35
167731,serving,15.0
172299,oz,28.35
170970,jar Heinz Strained-2 (4.25 oz),120.0
170970,oz,28.35
170970,tbsp,16.0
170970,jar Gerber Second Food (4 oz),113.0
170970,jar,113.0
173534,oz,28.35
168135,jar NFS,113.0
168135,jar Heinz Strained-2 (4.25 oz),120.0
168135,jar Beech-Nut Stage 2 (4 oz),113.0
168135,tbsp,15.0
168135,jar Gerber Second Food (4 oz),113.0
168133,jar Heinz Strained-2 (4 oz),113.0
168133,jar Gerber Second Food (4 oz),113.0
168133,jar Beech-Nut Stage 2 (4 oz),113.0
168133,jar NFS,113.0
168133,tbsp,15.0
172260,oz,28.35
172260,jar,170.0
172288,tbsp,29.0
172288,container,162.0
169054,jar NFS,113.0
169054,tbsp,16.0
169054,"jar, Gerber (4 oz)",113.0
169054,jar Beech-Nut Stage 2 (4 oz),113.0
173491,oz,28.35
173491,tbsp,16.0
173491,jar,170.0
173491,jar Gerber Third Foods (6 oz),170.0
173491,jar Beech-Nut Stage 3 (6 oz),170.0
173490,jar Beech-Nut Stage 2 (4 oz),113.0
173490,oz,28.35
173490,tbsp,16.0
173490,jar Gerber Second Food (4 oz),113.0
173490,jar,113.0
173490,jar Heinz Strained-2 (4 oz),113.0
168125,tbsp,16.0
173500,oz,28.35
173500,jar,170.0
173500,jar Gerber Third Foods (6 oz),170.0
173500,jar Beech-Nut Stage 3 (6 oz),170.0
173500,tbsp,16.0
173500,jar Heinz Junior-3 (6 oz),170.0
172269,tbsp,16.0
172269,jar Heinz Strained-2 (4 oz),113.0
172269,oz,28.35
172269,jar,113.0
172269,jar Gerber Second Food (4 oz),113.0
172269,jar Beech-Nut Stage 2 (4 oz),113.0
172286,oz,28.35
172286,jar Beech nut,170.0
170952,"jar, Gerber (4 oz)",113.0
170951,jar Beech-Nut Stage 3 (6 oz),170.0
170951,tbsp,16.0
170951,jar NFS,170.0
170998,bottle,140.0
169792,jar,113.0
168144,fl oz,118.0
170959,bottle Gerber First Food (4 fl oz),125.0
170959,fl oz,31.7
170959,bottle Beech-Nut Stage I (4 fl oz),125.0
170959,bottle Earth's Best (4.2 fl oz),131.0
170959,jar,127.0
170959,bottle Heinz Strained (4 fl oz),125.0
167729,bottle Gerber Second Foods (4 fl oz),125.0
167729,bottle NFS,125.0
167729,bottle Beech-Nut Stage 2 (4 fl oz),125.0
167729,fl oz,31.2
167729,bottle Heinz Strained (4 fl oz),125.0
171353,jar,127.0
171353,bottle (4 fl oz),125.0
171353,fl oz,31.2
170985,serving,189.0
171354,fl oz,31.2
171354,bottle Gerber Second Foods (4 fl oz),125.0
171354,jar,127.0
171354,bottle Heinz Strained (4 fl oz),125.0
171354,bottle Beech-Nut Stage 3 (4 fl oz),125.0
170963,jar,127.0
170963,fl oz,31.2
167718,fl oz,31.2
167718,bottle Earth's Best (4.2 fl oz),131.0
167718,bottle Beech-Nut Stage I (4 fl oz),125.0
167718,bottle NFS,125.0
167718,bottle Heinz Strained (4 fl oz),125.0
167718,bottle Gerber First Food (4 fl oz),125.0
171356,jar,127.0
171356,fl oz,31.2
168091,fl oz,31.5
168091,bottle NFS,126.0
172257,tbsp,16.0
172257,piece,8.0
171398,piece,7.0
173510,"jar, Gerber (4 oz)",113.0
170987,oz,31.0
170987,container,113.0
170990,container,69.0
170990,tbsp,16.0
169581,"package (net weight, 12 oz)",340.0
169581,"serving 0.5 oz, about 1 tbsp",14.0
168495,cup,58.0
168392,cup,58.0
168496,"cup (1/2"" pieces)",124.0
168394,"cup (1/2"" pieces)",62.0
168394,"cup (1/2"" pieces)",124.0
171601,oz,28.35
171601,"slice (5-7/8"" x 3-1/2"" x 1/16"")",23.0
169739,cup,148.0
169740,cup,162.0
170285,cup,157.0
175183,cup,266.0
175185,cup,253.0
173732,cup,249.0
169065,cup,253.0
174013,oz,85.0
172090,serving,269.0
172090,oz,28.35
169558,oz,85.0
169558,roast (yield from 690g raw meat),569.0
168735,roast (yield from 714 g raw meat),591.0
168735,oz,85.0
168737,roast (yield from 666 g raw meat),547.0
168737,oz,85.0
174771,oz,85.0
174771,roast,591.0
174773,oz,85.0
174773,roast (yield from 666 g raw meat),547.0
170613,steak (Yield from 418 g raw meat),270.0
170613,oz,85.0
169440,oz,85.0
169440,steak (Yield from 448 g raw meat),293.0
169555,steak (yield from 388 g raw meat),247.0
169555,oz,85.0
169488,steak (yield from raw steak weighing 550 g),380.0
169488,oz,85.0
173130,steak (yield from 593 g raw meat),409.0
173130,oz,85.0
169432,steak,350.0
169432,oz,85.0
170210,steak (yield from 418g raw meat),270.0
170210,oz,85.0
170601,oz,85.0
170601,steak,293.0
169469,oz,85.0
169469,steak,247.0
174047,oz,85.0
174047,lb,453.6
171818,lb,453.6
171818,oz,85.0
174768,oz,85.0
174768,lb,453.6
170211,"piece, cooked, excluding refuse (yield from 1 lb raw meat with refuse)",314.0
170211,oz,85.0
169490,"piece, cooked, excluding refuse (yield from 1 lb raw meat with refuse)",332.0
169490,oz,85.0
170212,"piece, cooked, excluding refuse (yield from 1 lb raw meat with refuse)",232.0
170212,oz,85.0
170611,"piece, cooked, excluding refuse (yield from 1 lb raw meat with refuse)",314.0
170611,oz,85.0
168665,oz,85.0
168665,"piece, cooked, excluding refuse (yield from 1 lb raw meat with refuse)",329.0
170612,oz,85.0
170612,"piece, cooked, excluding refuse (yield from 1 lb raw meat with refuse)",264.0
171227,piece,227.0
171227,oz,85.0
170829,piece,224.0
170829,oz,85.0
170830,oz,85.0
170830,piece,231.0
170799,oz,85.0
170799,piece,227.0
170797,piece,224.0
170797,oz,85.0
170798,piece,231.0
170798,oz,85.0
168660,oz,113.0
168660,roast,723.0
168661,roast,698.0
168661,oz,113.0
168662,roast,761.0
168662,oz,113.0
169565,roast,1289.0
169565,oz,113.0
169566,oz,113.0
169566,roast,1263.0
168742,roast,1327.0
168742,oz,113.0
171228,oz,85.0
171228,steak,308.0
171229,oz,85.0
171229,steak,307.0
171230,oz,85.0
171230,steak,309.0
170801,steak,308.0
170801,oz,85.0
171196,steak,307.0
171196,oz,85.0
171197,steak,309.0
171197,oz,85.0
171203,oz,85.0
171203,lb,453.6
171205,oz,85.0
171204,oz,85.0
170213,roast (yield from 1601 g raw meat),1166.0
170213,oz,85.0
170614,roast (yield from 1675 g raw meat),1236.0
170614,oz,85.0
168667,oz,85.0
168667,"piece, cooked, excluding refuse (yield from 1 lb raw meat with refuse)",258.0
168669,oz,85.0
168669,"piece, cooked, excluding refuse (yield from 1 lb raw meat with refuse)",258.0
169492,oz,85.0
169492,"piece, cooked, excluding refuse (yield from 1 lb raw meat with refuse)",257.0
170615,roast (yield from 1528g raw meat),1095.0
170615,oz,85.0
170616,roast (yield from 1675 g raw meat),1236.0
170616,oz,85.0
174050,oz,85.0
174050,lb,453.6
171817,lb,453.6
171817,oz,85.0
174767,oz,85.0
174767,lb,453.6
170617,oz,85.0
170617,"piece, cooked, excluding refuse (yield from 1 lb raw meat with refuse)",235.0
169494,"piece, cooked, excluding refuse (yield from 1 lb raw meat with refuse)",247.0
169494,oz,85.0
168671,"piece, cooked, excluding refuse (yield from 1 lb raw meat with refuse)",247.0
168671,oz,85.0
168673,"piece, cooked, excluding refuse (yield from 1 lb raw meat with refuse)",247.0
168673,oz,85.0
170215,oz,85.0
170215,"piece, cooked, excluding refuse (yield from 1 lb raw meat with refuse)",191.0
174027,lb,453.6
174027,oz,85.0
174023,lb,453.6
174023,oz,85.0
171784,oz,85.0
171784,lb,453.6
174019,lb,453.6
174019,oz ( 1 serving  ),85.0
169553,oz,85.0
168730,oz,85.0
171780,lb,453.6
171780,oz,85.0
171782,lb,453.6
171782,oz,85.0
170821,steak,141.0
170821,oz,85.0
170822,oz,85.0
170822,steak,141.0
170823,steak,141.0
170823,oz,85.0
170806,steak,141.0
170806,oz,85.0
171201,steak,141.0
171201,oz,85.0
170805,steak,141.0
170805,oz,85.0
174025,lb,453.6
174025,oz,85.0
171783,lb,453.6
171783,oz,85.0
174020,lb,453.6
174020,oz,85.0
174016,lb,453.6
174016,oz,85.0
169561,oz (1 serving),85.0
169562,oz,113.0
171222,oz,85.0
171222,piece,289.0
171223,oz,85.0
171223,piece,272.0
170825,piece,315.0
170825,oz,85.0
169569,piece,289.0
169569,oz,85.0
169567,piece,272.0
169567,oz,85.0
169568,oz,85.0
169568,piece,315.0
173366,medallion,32.0
173366,oz,85.0
173355,medallion,30.0
173355,oz,85.0
172136,oz,85.0
172136,medallion,34.0
172133,oz,85.0
172133,steak,184.0
173358,serving (3 oz),85.0
173358,steak,188.0
172124,steak,179.0
172124,oz,85.0
173368,oz,85.0
173368,steak,190.0
172126,oz,85.0
172126,steak,193.0
173360,oz,85.0
173360,steak,186.0
174026,lb,453.6
174026,oz,85.0
174021,oz,85.0
174021,lb,453.6
174022,oz,85.0
174022,lb,453.6
174017,oz,85.0
174017,lb,453.6
168738,oz,85.0
168739,oz,85.0
170816,oz,85.0
170816,steak,353.0
171211,oz,85.0
171211,steak,356.0
171212,oz,85.0
171212,steak,349.0
170605,oz,85.0
170605,steak,353.0
170201,steak,356.0
170201,oz,85.0
170203,steak,349.0
170203,oz,85.0
171208,oz,85.0
170618,roast,658.0
170618,oz,85.0
170214,oz,85.0
170214,roast,629.0
169444,oz,85.0
169444,roast,647.0
170216,roast,658.0
170216,oz,85.0
170217,oz,85.0
170217,roast,629.0
171217,oz,85.0
171217,steak,449.0
171218,oz,85.0
171218,steak,445.0
171219,oz,85.0
171219,steak,454.0
171207,oz,85.0
170811,steak,445.0
170811,oz,85.0
170812,oz,85.0
170609,oz,85.0
170206,oz,85.0
170207,oz,85.0
169484,oz,85.0
169486,oz,85.0
168663,oz,85.0
170208,oz,85.0
170209,oz,85.0
170610,oz,85.0
174759,oz,85.0
171778,oz,85.0
170198,"package, cooked (yield from 12 oz raw product)",170.0
170198,slices,34.0
170199,oz,28.35
170199,lb,453.6
170602,oz,28.35
170602,slice (3/4 oz),21.0
168733,steak (yield from 475 g raw meat),383.0
168733,oz,85.0
169434,"piece, cooked, excluding refuse (yield from 1 lb raw meat with refuse)",262.0
169434,oz,85.0
169435,oz,85.0
169435,steak (yield from 483 g raw meat),387.0
169554,oz,85.0
169554,steak (yield from 467 g raw meat),379.0
174774,steak,383.0
174774,oz,85.0
168610,oz,85.0
168610,"piece, cooked, excluding refuse (yield from 1 lb raw meat with refuse)",246.0
168611,steak,387.0
168611,oz,85.0
174775,oz,85.0
174775,steak (yield from 467 g raw meat),379.0
169473,portion (yield from 1/2 lb raw meat ),139.0
169473,oz,85.0
169474,oz,85.0
169474,loaf ( yield from 1 lb raw meat ),284.0
168650,oz,85.0
168650,patty,77.0
168651,oz,85.0
168651,patty,70.0
174040,oz,85.0
171801,oz,85.0
174038,oz,85.0
174039,oz,85.0
171799,oz,85.0
171800,oz,85.0
171797,oz,85.0
171798,oz,85.0
174034,oz,85.0
174035,oz,85.0
174032,oz,85.0
174032,patty (yield from 1/4 lb raw meat),77.0
174033,oz,85.0
174033,patty ( yield from 1/4 lb raw meat ),83.0
171794,portion ( yield from 1/2 lb raw meat ),154.0
171794,oz,85.0
171795,oz,85.0
174031,oz,85.0
171793,oz,85.0
174755,oz,85.0
174754,oz,85.0
174752,oz,85.0
174753,oz,85.0
174028,oz,85.0
174029,oz,85.0
171791,oz,85.0
171792,oz,85.0
174756,oz,85.0
173114,oz,85.0
173112,oz,85.0
173112,patty,70.0
173113,oz,85.0
173113,portion (yield from 1/2 lb raw meat ),139.0
169447,oz,85.0
169447,"unit, cooked (yield from 1 lb raw meat)",313.0
172161,oz,85.0
169571,oz,85.0
169571,roast,569.0
169571,serving,85.0
174024,lb,453.6
174024,oz,85.0
173991,oz,85.0
173991,roast,481.0
171753,oz,85.0
171753,roast,478.0
171754,roast,487.0
171754,oz,85.0
174004,roast,481.0
174004,oz,85.0
174005,roast,478.0
174005,oz,85.0
174006,oz,85.0
174006,roast,487.0
170237,steak,117.0
170237,oz,85.0
170238,oz,85.0
170238,steak (yield from 161 g raw meat),126.0
170640,steak (yield from 136 g raw meat),108.0
170640,oz,85.0
170641,oz,85.0
170641,steak,119.0
170642,steak,121.0
170642,oz,85.0
170643,steak,117.0
170643,oz,85.0
170239,steak,119.0
170239,oz,85.0
170240,steak (yield from 203 g raw meat),164.0
170240,oz,85.0
168631,steak (yield from 186 g raw meat),150.0
168631,oz,85.0
168632,oz,85.0
168632,"steak, excluding refuse (yield from 1 raw steak, with refuse, weighing 223 g)",150.0
169455,oz,85.0
169455,steak (yield from 203 g raw meat),164.0
169456,oz,85.0
169456,steak (yield from 186 g raw meat),150.0
174714,oz,85.0
174714,steak,235.0
174712,steak,236.0
174712,oz,85.0
174713,oz,85.0
174713,steak,234.0
173071,steak,235.0
173071,oz,85.0
173069,oz,85.0
173069,steak,236.0
173070,oz,85.0
173070,steak,234.0
169539,steak,213.0
169539,oz,85.0
168720,oz,85.0
173061,steak,161.0
173061,oz,85.0
174704,oz,85.0
174704,steak,165.0
174705,steak,156.0
174705,oz,85.0
172170,steak,161.0
172170,oz,85.0
172171,steak,165.0
172171,oz,85.0
172172,steak,156.0
172172,oz,85.0
174693,fillet,121.0
174693,oz,85.0
174694,oz,85.0
174694,fillet,124.0
173050,oz,85.0
173050,fillet,115.0
173051,roast,768.0
173051,oz,85.0
173407,oz,85.0
173407,roast,806.0
173052,oz,85.0
173052,roast,765.0
173097,oz,85.0
174715,oz,85.0
174739,oz,85.0
174717,oz,85.0
174741,oz,85.0
173073,oz,85.0
173099,oz,85.0
173076,serving,85.0
173101,oz,85.0
174719,oz,85.0
174743,oz,85.0
174721,oz,85.0
174745,oz,85.0
173077,oz,85.0
174747,oz,85.0
173079,oz,85.0
173104,oz,85.0
174724,oz,85.0
173082,oz,85.0
173085,oz,85.0
173086,oz,113.0
173106,oz,85.0
173087,oz,85.0
173089,oz,85.0
174748,oz,85.0
174732,oz,85.0
174751,oz,85.0
174733,oz,85.0
173090,oz,85.0
173092,oz,85.0
173108,oz,85.0
173094,oz,85.0
174728,oz,85.0
173081,oz,85.0
173084,oz,85.0
174737,oz,85.0
173095,oz,85.0
173395,steak,254.0
173395,oz,85.0
173396,steak,256.0
173396,oz,85.0
172157,steak,250.0
172157,oz,85.0
173373,oz,85.0
173373,steak,254.0
173375,oz,85.0
173375,steak,256.0
172138,oz,85.0
172138,steak,250.0
173397,oz,85.0
173397,steak,174.0
173398,oz,85.0
173398,steak,173.0
173399,steak,175.0
173399,oz,85.0
172140,steak,174.0
172140,oz,85.0
173377,steak,173.0
173377,oz,85.0
173379,oz,85.0
173379,steak,175.0
171787,lb,453.6
171787,oz,85.0
168744,oz,85.0
171788,lb,453.6
171788,oz,85.0
168745,oz,85.0
168606,oz,28.35
168606,oz,85.0
172150,roast,2130.0
172150,oz,85.0
173388,oz,85.0
173388,roast,2044.0
172149,oz,85.0
172149,roast,2259.0
170836,oz,85.0
170836,roast,2130.0
171210,oz,85.0
171210,roast,2044.0
170837,oz,85.0
170837,roast,2259.0
172153,oz,85.0
172153,roast,1601.0
172154,oz,85.0
172154,roast,1555.0
172155,roast,1669.0
172155,oz,85.0
171239,oz,85.0
171239,roast,1601.0
170842,roast,1555.0
170842,oz,85.0
173372,roast,1669.0
173372,oz,85.0
173387,steak,381.0
173387,oz,85.0
173385,steak,378.0
173385,oz,85.0
173386,oz,85.0
173386,steak,385.0
171236,oz,85.0
171236,steak,381.0
171237,oz,85.0
171237,steak,378.0
171238,oz,85.0
171238,steak,385.0
172164,oz,85.0
172164,steak,251.0
172165,oz,85.0
172165,steak,242.0
173401,steak,266.0
173401,oz,85.0
172142,oz,85.0
172144,oz,85.0
172144,steak,242.0
173381,steak,266.0
173381,oz,85.0
173392,oz,85.0
173392,steak,291.0
173390,oz,85.0
173390,steak,281.0
173391,steak,306.0
173391,oz,85.0
171209,steak,291.0
171209,oz,85.0
171232,oz,85.0
171232,steak,281.0
171233,oz,85.0
171233,steak,306.0
169557,steak (yield from 295 g raw meat),233.0
169557,oz,85.0
169556,steak (yield from 294 g raw meat),231.0
169556,oz,85.0
172166,ribs,1159.0
172166,oz,85.0
172167,ribs,1197.0
172167,oz,85.0
172168,ribs,1102.0
172168,oz,85.0
173383,ribs,1159.0
173383,oz,85.0
172146,oz,85.0
172146,ribs,1197.0
172148,ribs,1102.0
172148,oz,85.0
168648,oz,85.0
168648,steak,231.0
169436,steak (yield from 297 g raw meat),236.0
169436,oz,85.0
169438,oz,85.0
169438,steak (yield from 297g raw meat),236.0
170619,"piece, cooked, excluding refuse (yield from 1 lb raw meat with refuse)",290.0
170619,oz,85.0
170620,oz,85.0
170620,"piece, cooked, excluding refuse (yield from 1 lb raw meat with refuse)",286.0
168681,oz,85.0
168681,"piece, cooked, excluding refuse (yield from 1 lb raw meat with refuse)",267.0
168682,oz,85.0
168682,"piece, cooked, excluding refuse (yield from 1 lb raw meat with refuse)",292.0
169506,"piece, cooked, excluding refuse (yield from 1 lb raw meat with refuse)",267.0
169506,oz,85.0
169507,"piece, cooked, excluding refuse (yield from 1 lb raw meat with refuse)",296.0
169507,oz,85.0
168686,oz,85.0
168686,"piece, cooked, excluding refuse (yield from 1 lb raw meat with refuse)",278.0
168687,oz,85.0
168687,"piece, cooked, excluding refuse (yield from 1 lb raw meat with refuse)",281.0
168683,oz,85.0
168683,"piece, cooked, excluding refuse (yield from 1 lb raw meat with refuse)",267.0
168684,"piece, cooked, excluding refuse (yield from 1 lb raw meat with refuse)",292.0
168684,oz,85.0
170621,"piece, cooked, excluding refuse (yield from 1 lb raw meat with refuse)",214.0
170621,oz,85.0
170622,"piece, cooked, excluding refuse (yield from 1 lb raw meat with refuse)",207.0
170622,oz,85.0
170218,"piece, cooked, excluding refuse (yield from 1 lb raw meat with refuse)",217.0
170218,oz,85.0
168613,oz,85.0
168613,"piece, cooked, excluding refuse (yield from 1 lb raw meat with refuse)",225.0
168615,"piece, cooked, excluding refuse (yield from 1 lb raw meat with refuse)",121.0
168615,oz,85.0
170219,steak (yield from 233 g raw meat),233.0
170219,oz,85.0
170220,oz,85.0
170220,"piece, cooked, excluding refuse (yield from 1 lb raw meat with refuse)",272.0
170221,oz,85.0
170221,"piece, cooked, excluding refuse (yield from 1 lb raw meat with refuse)",265.0
169510,oz,85.0
169510,"piece, cooked, excluding refuse (yield from 1 lb raw meat with refuse)",268.0
169511,"piece, cooked, excluding refuse (yield from 1 lb raw meat with refuse)",282.0
169511,oz,85.0
168688,oz,85.0
168688,steak (yield from 320 g raw meat),256.0
168689,"piece, cooked, excluding refuse (yield from 1 lb raw meat with refuse)",278.0
168689,oz,85.0
169515,"piece, cooked, excluding refuse (yield from 1 lb raw meat with refuse)",268.0
169515,oz,85.0
169516,oz,85.0
169516,"piece, cooked, excluding refuse (yield from 1 lb raw meat with refuse)",276.0
168691,oz,85.0
168691,steak (yield from 1 raw steak weighing 321g),245.0
169513,oz,85.0
169513,"piece, cooked, excluding refuse (yield from 1 lb raw meat with refuse)",285.0
170623,steak (yield from 296 g raw meat),233.0
170623,oz,85.0
170624,"piece, cooked, excluding refuse (yield from 1 lb raw meat with refuse)",220.0
170624,oz,85.0
170625,oz,85.0
170625,"piece, cooked, excluding refuse (yield from 1 lb raw meat with refuse)",220.0
173123,oz,85.0
173123,lb,453.6
174042,oz,85.0
174042,lb,453.6
174764,lb,453.6
174764,oz,85.0
169499,oz,85.0
169499,"piece, cooked, excluding refuse (yield from 1 lb raw meat with refuse)",267.0
169500,oz,85.0
169500,"piece, cooked, excluding refuse (yield from 1 lb raw meat with refuse)",289.0
168676,oz,85.0
168676,"piece, cooked, excluding refuse (yield from 1 lb raw meat with refuse)",267.0
168677,"piece, cooked, excluding refuse (yield from 1 lb raw meat with refuse)",289.0
168677,oz,85.0
169504,"piece, cooked, excluding refuse (yield from 1 lb raw meat with refuse)",274.0
169504,oz,85.0
168679,oz,85.0
168679,"piece, cooked, excluding refuse (yield from 1 lb raw meat with refuse)",278.0
169501,oz,85.0
169501,"piece, cooked, excluding refuse (yield from 1 lb raw meat with refuse)",264.0
169502,oz,85.0
169502,"piece, cooked, excluding refuse (yield from 1 lb raw meat with refuse)",289.0
173054,oz,85.0
173054,steak,209.0
173055,steak,208.0
173055,oz,85.0
173056,steak,211.0
173056,oz,85.0
174701,fillet,135.0
174701,oz,85.0
174702,fillet,138.0
174702,oz,85.0
174703,oz,85.0
174703,fillet,129.0
173058,oz,85.0
173058,roast,699.0
173059,oz,85.0
173059,roast,714.0
173060,oz,85.0
173060,roast,675.0
171806,lb,453.6
171806,oz,85.0
170227,roast (yield from 572 g raw meat),464.0
170227,oz,85.0
170222,roast (yield from 600 g raw meat),489.0
170222,oz,85.0
170224,oz,85.0
170224,roast (yield from 627 g raw meat),515.0
170627,oz,85.0
170627,roast (yield from 572 g raw meat),464.0
168696,roast (yield from 1 raw roast weighing 776g),632.0
168696,"piece, cooked, excluding refuse (yield from 1 lb raw meat with refuse)",338.0
168696,oz,85.0
168699,"piece, cooked, excluding refuse (yield from 1 lb raw meat with refuse)",338.0
168699,roast (yield from raw roast weighing 766g),627.0
168699,oz,85.0
169522,roast (yield from 1 raw roast weighing 786g),636.0
169522,oz,85.0
169522,"piece, cooked, excluding refuse (yield from 1 lb raw meat with refuse)",338.0
170629,roast (yield from 600 g raw meat),489.0
170629,oz,85.0
170631,oz,85.0
170631,roast (yield from 627 g raw meat),515.0
174052,lb,453.6
174052,oz,85.0
174059,oz,85.0
174059,lb,453.6
170626,steak (yield from 290 g raw meat),185.0
170626,oz,85.0
170223,steak (yield from 299 g raw meat),191.0
170223,oz,85.0
170225,steak (yield from 281 g raw meat),179.0
170225,oz,85.0
169520,"piece, cooked, excluding refuse (yield from 1 lb raw meat with refuse)",281.0
169520,oz,85.0
168698,steak (yield from 341 g raw meat),227.0
168698,oz,85.0
169521,steak (yield from raw steak weighing 340g),226.0
169521,oz,85.0
170628,steak (yield from 290 g raw meat),185.0
170628,oz,85.0
170630,oz,85.0
170630,steak (yield from 299 g raw meat),191.0
170226,oz,85.0
170226,steak (yield from 281 g raw meat),179.0
174053,oz,85.0
174053,lb,453.6
173115,lb,453.6
173115,oz,85.0
174045,oz,85.0
174045,lb,453.6
170228,oz,85.0
170228,roast (yield from 436 g raw meat),346.0
170228,"piece, cooked, excluding refuse (yield from 1 lb raw meat with refuse)",333.0
170229,roast (yield from 445 g raw meat),355.0
170229,oz,85.0
170632,roast (yield from 426 g raw meat),337.0
170632,oz,85.0
170633,"piece, cooked, excluding refuse (yield from 1 lb raw meat with refuse)",330.0
170633,oz,85.0
170633,roast (yield from 436 g raw meat),346.0
170634,"piece, cooked, excluding refuse (yield from 1 lb raw meat with refuse)",331.0
170634,roast (yield from 445 g raw meat),355.0
170634,oz,85.0
170635,oz,85.0
170635,"piece, cooked, excluding refuse (yield from 1 lb raw meat with refuse)",296.0
170635,roast (yield from 426 g raw meat),337.0
173993,oz,85.0
173994,oz,85.0
173995,oz,85.0
171772,oz,85.0
171773,oz,85.0
174008,oz,85.0
169524,"piece, cooked, excluding refuse (yield from 1 lb raw meat with refuse)",333.0
169524,oz,85.0
168702,oz,85.0
168702,"piece, cooked, excluding refuse (yield from 1 lb raw meat with refuse)",333.0
168704,roast (yield from 530 g raw meat),417.0
168704,oz,85.0
171809,lb,453.6
171809,oz,85.0
174060,lb,453.6
174060,oz,85.0
171807,oz,85.0
171807,lb,453.6
168695,"piece, cooked, excluding refuse (yield from 1 lb raw meat with refuse)",313.0
168695,oz,85.0
169518,oz,85.0
169518,"piece, cooked, excluding refuse (yield from 1 lb raw meat with refuse)",313.0
168616,"piece, cooked, excluding refuse (yield from 1 lb raw meat with refuse)",285.0
168616,oz,85.0
168617,"piece, cooked, excluding refuse (yield from 1 lb raw meat with refuse)",282.0
168617,oz,85.0
173370,steak,150.0
173370,oz,85.0
173362,steak,156.0
173362,oz,85.0
172127,steak,160.0
172127,oz,85.0
172131,steak,168.0
172131,oz,85.0
172119,steak,141.0
172119,oz,85.0
172121,steak,174.0
172121,oz,85.0
172135,oz,85.0
172135,steak,236.0
172129,steak,225.0
172129,oz,85.0
173364,steak,253.0
173364,oz,85.0
170230,oz,85.0
170230,"piece, cooked, excluding refuse (yield from 1 lb raw meat with refuse)",330.0
170231,roast (yield from 1405 g raw meat),1138.0
170231,oz,85.0
170232,oz,85.0
170232,roast (yield from 1388 g raw meat),1141.0
169526,oz,85.0
169526,"piece, cooked, excluding refuse (yield from 1 lb raw meat with refuse)",326.0
169528,"piece, cooked, excluding refuse (yield from 1 lb raw meat with refuse)",325.0
169528,oz,85.0
168706,oz,85.0
168706,"piece, cooked, excluding refuse (yield from 1 lb raw meat with refuse)",327.0
170233,"piece, cooked, excluding refuse (yield from 1 lb raw meat with refuse)",320.0
170233,oz,85.0
170636,roast (yield from 1405 g raw meat),1138.0
170636,oz,85.0
170637,roast (yield from 1388 g raw meat),1141.0
170637,oz,85.0
171755,oz,85.0
171756,oz,85.0
173992,oz,85.0
174007,oz,85.0
171770,oz,85.0
171771,oz,85.0
169560,steak (yield from 381 g raw meat),277.0
169560,oz,85.0
168740,oz,85.0
168740,steak (yield from 396 g raw meat),284.0
168741,steak (yield from 368 g meat),269.0
168741,oz,85.0
168649,steak,277.0
168649,oz,85.0
169471,steak,284.0
169471,oz,85.0
169472,steak,269.0
169472,oz,85.0
169531,"piece, cooked, excluding refuse (yield from 1 lb raw meat with refuse)",326.0
169531,oz,85.0
170638,oz,85.0
170638,"piece, cooked, excluding refuse (yield from 1 lb raw meat with refuse)",267.0
170639,oz,85.0
170639,"piece, cooked, excluding refuse (yield from 1 lb raw meat with refuse)",267.0
170234,oz,85.0
170234,"piece, cooked, excluding refuse (yield from 1 lb raw meat with refuse)",267.0
169530,oz,85.0
169530,"piece, cooked, excluding refuse (yield from 1 lb raw meat with refuse)",286.0
168709,"piece, cooked, excluding refuse (yield from 1 lb raw meat with refuse)",289.0
168709,oz,85.0
168711,"piece, cooked, excluding refuse (yield from 1 lb raw meat with refuse)",283.0
168711,oz,85.0
168713,"piece, cooked, excluding refuse (yield from 1 lb raw meat with refuse)",286.0
168713,oz,85.0
170235,oz,85.0
170235,"piece, cooked, excluding refuse (yield from 1 lb raw meat with refuse)",261.0
170236,oz,85.0
170236,"piece, cooked, excluding refuse (yield from 1 lb raw meat with refuse)",261.0
168708,oz,85.0
168708,"piece cooked, excluding refuse (yield from 1 lb raw meat with refuse)",283.0
168710,oz,85.0
168710,steak (yield from raw steak weighing 492 g),347.0
168710,"piece, cooked, excluding refuse (yield from 1 lb raw meat with refuse)",326.0
169535,"piece, cooked, excluding refuse (yield from 1 lb raw meat with refuse)",332.0
169535,oz,85.0
169533,"piece, cooked, excluding refuse (yield from 1 lb raw meat with refuse)",329.0
169533,oz,85.0
169533,steak (yield from raw steak weighing 491g),359.0
171815,lb,453.6
171815,oz,85.0
174061,oz,85.0
174061,lb,453.6
171808,lb,453.6
171808,oz,85.0
169442,oz,85.0
169442,"piece, cooked, excluding refuse (yield from 1 lb raw meat with refuse)",170.0
169459,oz,85.0
169459,lb,453.6
169460,lb,453.6
169460,oz,85.0
169461,oz ( 1serving ),85.0
169461,lb,453.6
172115,oz,85.0
172115,steak,421.0
168716,steak,417.0
168716,oz,85.0
172117,oz,85.0
172117,steak,426.0
168637,steak,421.0
168637,oz,85.0
168638,lb,453.6
168638,oz,85.0
168639,oz,85.0
168639,serving,85.0
168639,"piece, cooked, excluding refuse",266.0
169463,serving,85.0
169463,oz,85.0
169463,"piece, cooked, excluding refuse",256.0
168618,oz,85.0
168618,steak,417.0
168641,steak,426.0
168641,oz,85.0
168643,steak,363.0
168643,oz,85.0
168620,steak,360.0
168620,oz,85.0
169467,steak,368.0
169467,oz,85.0
169464,oz,85.0
169464,lb,453.6
169465,oz,85.0
169465,lb,453.6
169466,lb,453.6
169466,oz,85.0
173351,oz,85.0
173351,steak,363.0
169537,oz,85.0
169537,steak,360.0
173353,oz,85.0
173353,steak,368.0
168644,serving,85.0
168644,oz,85.0
168644,"piece, cooked, excluding refuse",271.0
169468,"piece, cooked, excluding refuse",264.0
169468,serving,85.0
169468,oz,85.0
169541,oz,85.0
169541,"steak, excluding refuse (yield from 1 raw steak, with refuse, weighing 242 g)",167.0
168718,oz,85.0
168718,steak (yield from 270 g raw meat),221.0
171813,oz,85.0
171813,lb,453.6
173119,oz,85.0
173119,lb,453.6
171805,lb,453.6
171805,oz,85.0
171224,oz,85.0
171224,roast,787.0
171225,roast,793.0
171225,oz,85.0
171226,roast,779.0
171226,oz,85.0
171200,oz,85.0
171200,roast,787.0
171198,oz,85.0
171198,roast,793.0
171199,oz,85.0
171199,roast,779.0
171789,oz,85.0
171789,steak,287.0
171786,oz,85.0
171786,steak,297.0
171781,oz,85.0
168731,oz ( 1 serving ),85.0
168732,oz,85.0
169479,oz,85.0
169479,steak,186.0
168659,oz,85.0
168659,steak,177.0
168692,steak,199.0
168692,oz,85.0
168654,oz,85.0
168654,steak,186.0
169475,steak,177.0
169475,oz,85.0
169476,oz,85.0
169476,steak,199.0
169544,oz,85.0
169544,"piece, cooked, excluding refuse (yield from 1 lb raw meat with refuse)",330.0
168723,"piece, cooked, excluding refuse (yield from 1 lb raw meat with refuse)",329.0
168723,oz,85.0
169549,"piece, cooked, excluding refuse (yield from 1 lb raw meat with refuse)",326.0
169549,oz,85.0
169546,"piece, cooked, excluding refuse (yield from 1 lb raw meat with refuse)",329.0
169546,oz,85.0
169543,"steak, excluding refuse (yield from 1 raw steak, with refuse, weighing 154 g)",104.0
169543,oz,85.0
168722,oz,85.0
168722,steak (yield from 181 g raw meat),140.0
169548,oz,85.0
169548,"steak, excluding refuse (yield from 1 raw steak, with refuse, weighing 154 g)",106.0
168725,"steak, excluding refuse (yield from 1 raw steak, with refuse, weighing 154 g)",104.0
168725,steak (yield from 1 raw steak weighing 151g),119.0
168725,oz,85.0
171811,oz,85.0
171811,lb,453.6
173117,oz,85.0
173117,lb,453.6
174043,oz,85.0
174043,lb,453.6
173063,oz,85.0
173063,fillet,135.0
173064,fillet,135.0
173064,oz,85.0
173065,oz,85.0
173065,fillet,135.0
174688,oz,85.0
174688,fillet,135.0
174689,oz,85.0
174689,fillet,135.0
174690,fillet,135.0
174690,oz,85.0
174708,oz,85.0
174708,roast,634.0
174709,roast,677.0
174709,oz,85.0
174710,roast,571.0
174710,oz,85.0
173046,oz,85.0
173046,roast,634.0
173047,roast,677.0
173047,oz,85.0
173048,oz,85.0
173048,roast,571.0
169457,oz,85.0
169457,steak (yield from 518 g raw meat),384.0
169458,oz,85.0
169458,steak (yield from 532 g raw meat),393.0
168633,steak (yield from 505 g raw meat),375.0
168633,oz,85.0
168727,"piece, cooked, excluding refuse (yield from 1 lb raw meat with refuse)",306.0
168727,oz,85.0
168729,"piece, cooked, excluding refuse (yield from 1 lb raw meat with refuse)",306.0
168729,oz,85.0
169550,"piece, cooked, excluding refuse (yield from 1 lb raw meat with refuse)",307.0
169550,oz,85.0
169552,oz,85.0
169552,steak (yield from 1 raw steak weighing 624g),485.0
168634,oz,85.0
168634,"piece, cooked, excluding refuse (yield from 1 lb raw meat with refuse)",292.0
168635,steak (yield from 532 g raw meat),393.0
168635,oz,85.0
168636,steak (yield from 505 g raw meat),375.0
168636,oz,85.0
174054,oz,85.0
174054,lb,453.6
173118,lb,453.6
173118,oz,85.0
174044,oz,85.0
174044,lb,453.6
168623,oz,85.0
168623,"piece, cooked, excluding refuse (yield from 1 lb raw meat with refuse)",351.0
168624,oz,85.0
168624,"piece, cooked, excluding refuse",391.0
169448,oz,85.0
169450,oz,85.0
168626,oz,85.0
168626,slice,68.0
168627,oz,85.0
168627,slice,81.0
168629,oz,85.0
168629,"piece, cooked, excluding refuse (yield from 1 lb raw meat with refuse)",303.0
168630,oz,28.35
168630,oz,227.0
169453,"piece, cooked, excluding refuse (yield from 1 lb raw meat with refuse)",222.0
169453,oz,85.0
170597,"piece, cooked, excluding refuse (yield from 1 lb raw meat with refuse)",308.0
170597,oz,85.0
170195,oz,85.0
170195,"piece, cooked, excluding refuse (yield from 1 lb raw meat with refuse)",381.0
170598,oz,85.0
174769,oz,85.0
174769,serving,85.0
172011,oz,56.0
172961,serving 2 oz,56.0
174820,fl oz,240.0
174820,cup,240.0
174112,fl oz,240.0
173187,cup,240.0
171873,fl oz,237.0
171874,cup dry mix,98.0
171874,cup prepared,251.0
173184,serving,256.0
174118,cup (8 fl oz),282.0
174159,serving,22.0
171879,cup (8 fl oz),266.0
167711,fl oz,30.5
167711,cup,244.0
171882,can (5.5 oz),166.0
171882,fl oz,30.2
174140,fl oz,30.6
174140,cup (8 fl oz),245.0
168123,fl oz,30.0
168123,cup (8 fl oz),240.0
174142,fl oz,30.6
174142,cup (8 fl oz),245.0
171902,fl oz,30.6
171902,cup (8 fl oz),245.0
171945,fl oz,237.0
171947,cup (8 fl oz),238.0
173213,fl oz,31.3
173213,fl oz,250.0
173213,fl oz,188.0
173213,serving,227.0
174111,fl oz,473.0
174867,cup (8 fl oz),265.0
174865,cup (8 fl oz),265.0
171895,fl oz,249.0
174137,fl oz,247.0
175100,fl oz,36.3
175100,can,436.0
175101,fl oz,31.3
175101,fl oz,250.0
169044,drink box (8.45 fl oz),263.0
169044,cup,249.0
169044,fl oz,31.1
173178,fl oz,240.0
173225,cup (8 fl oz),250.0
173225,fl oz,31.3
171942,"fl oz (approximate weight, 1 serving)",240.0
174870,cup (8 fl oz),266.0
171928,serving 8 oz,243.0
174162,fl oz,243.0
174164,serving,238.0
174165,serving 8 oz,243.0
174166,serving 8 oz,243.0
171931,serving 8 oz,243.0
174829,serving 8 oz,245.0
171934,serving 8 oz,246.0
174175,serving 8 oz,246.0
172013,oz,100.0
167685,"slice, thick",43.0
167685,cup pieces,138.0
167685,"slice, thin",14.0
167685,cubic inch,14.0
167685,"slice, medium",28.0
173873,slice,28.0
173873,serving,28.0
174609,serving 2 oz,56.0
172956,serving 2.33 oz,66.0
172957,serving 2.96 oz,84.0
171622,link,70.0
171620,link cooked,85.0
171621,"slice (2-1/2"" dia x 1/4"" thick)",18.0
171621,oz,28.35
174906,individual loaf (include Keebler Elfin Loaves),57.0
174906,oz,28.35
174906,slice,60.0
167944,slice,48.0
174908,package (8.5 oz),241.0
174908,oz,28.35
174909,piece,60.0
174909,oz,28.35
174909,muffin,51.0
172815,package (8.5 oz),241.0
172815,oz,28.35
174910,oz,28.35
174910,piece,65.0
172673,oz,28.35
172673,"slice (5"" x 3"" x 1/2"")",40.0
172674,"slice (5"" x 3"" x 1/2"")",37.0
172674,oz,28.35
172676,slice,30.0
172676,oz,28.35
172677,slice,27.0
172677,oz,28.35
167935,slice (average weight of 1 slice),63.0
167943,slice,32.0
172682,oz,28.35
172682,slice,23.0
172683,oz,28.35
172683,slice,19.0
174923,slice,27.0
174923,oz,28.35
175044,oz,28.35
175044,slice,25.0
167526,serving (approximate serving size),55.0
167526,cake square (average weight of whole item),399.0
174924,slice,29.0
174924,slice crust not eaten,12.0
174924,"cup, cubes",35.0
174924,"cup, crumbs",45.0
174924,"slice, thin",20.0
174924,"slice, very thin",15.0
174924,slice,25.0
174924,"slice, large",30.0
174924,"slice thin, crust not eaten",9.0
174924,oz,28.35
174927,slice,42.0
174927,oz,28.35
174927,"slice, thin (3-3/4"" x 5"" x 3/8"")",33.0
174926,slice,44.0
174926,oz,28.35
170382,bunch cooked,437.0
170382,NLEA serving,85.0
169392,cup,88.0
168510,"stalk, large (11""-12"" long)",280.0
168510,"spear (about 5"" long)",37.0
168510,"cup, chopped",78.0
168510,"stalk, medium (7-1/2"" - 8"" long)",180.0
168510,"stalk, small (5"" long)",140.0
169967,"stalk, large (11""-12"" long)",280.0
169967,"spear (about 5"" long)",37.0
169967,"cup, chopped",78.0
169967,"stalk, medium (7-1/2"" - 8"" long)",180.0
169967,"stalk, small (5"" long)",140.0
168511,cup,184.0
169969,cup,184.0
168512,package (10 oz) yields,250.0
168512,cup,92.0
170380,package (10 oz) yields,250.0
170380,cup,92.0
172076,item,110.0
173316,item,131.0
173336,burrito,129.0
173335,oz,28.35
173335,burrito frozen,139.0
172102,oz,28.35
172102,burrito cooked,116.0
168517,"cup, shredded",170.0
170391,"cup, shredded",170.0
169337,"cup, shredded",119.0
169337,leaf,14.0
169980,leaf,14.0
169980,"cup, shredded",119.0
168514,"cup, shredded",75.0
168514,head,1262.0
169976,"cup, shredded",75.0
169976,head,1262.0
168572,cup,109.0
168515,"cup, shredded",75.0
168515,leaf,22.0
169978,"cup, shredded",75.0
169978,leaf,22.0
168516,"cup, shredded",145.0
170389,"cup, shredded",145.0
174934,piece (1/12 of a cake),138.0
174934,piece (1/8 of 18 oz cake),64.0
174934,cake,1660.0
174934,oz,28.35
174552,cup,206.0
174552,can,527.0
172901,cup condensed,129.0
169622,pieces,39.0
167546,serving,40.0
168804,serving 5 pieces,40.0
168804,serving 1.30 oz bar,37.0
169583,cup,208.0
169583,pieces,7.0
169583,package (1.69 oz),48.0
169583,box (1.48 oz),42.0
169583,serving,21.0
169591,serving 0.50 oz box,15.0
169591,serving 1 1.94 oz tube,55.0
169591,serving 1.0 oz tube,30.0
167689,cup,203.0
167689,piece,2.2
167689,serving 1.63 oz singles bag,46.0
169582,package fun size,18.0
169582,pieces,20.0
169582,serving 1 singles bag,54.0
169582,cup,170.0
168806,serving 5 pieces,44.0
167587,"bar, miniature",7.0
167587,cup chips,168.0
167587,bar (1.55 oz),44.0
169637,oz,28.35
168001,pieces,40.0
168001,cup,149.0
169576,pieces,10.0
169576,cup,180.0
168754,bar (1.45 oz),41.0
168754,bar (1.55 oz),44.0
168765,package 1 package,48.0
168765,pieces,42.0
167984,bar 2.4 oz,68.0
167984,bar 1.5 oz,42.0
169857,serving,339.0
170491,cup,236.0
170491,fl oz,29.5
168520,"cup (1"" pieces)",62.0
168520,flowerets,54.0
170397,"cup (1"" pieces)",62.0
170397,flowerets,54.0
168521,"cup (1"" pieces)",180.0
170399,"cup (1"" pieces)",180.0
169390,head,90.0
169391,"cup (1"" pieces)",62.0
169342,"cup, diced",150.0
169342,stalks,75.0
169989,"cup, diced",150.0
169989,stalks,75.0
172973,cup,30.0
171679,cup (1 NLEA serving),30.0
171680,cup (1 NLEA serving),30.0
171671,tablespoon,16.0
171671,cup,257.0
171655,cup,257.0
171655,tbsp,16.0
171672,cup,233.0
171673,cup,233.0
173900,cup (1 NLEA serving),45.0
173012,cup,237.0
173011,cup,245.0
173009,cup,231.0
173008,cup,244.0
173915,cup (1 serving),251.0
171657,tbsp,16.0
171657,cup (1 serving),251.0
171659,cup,179.0
171659,cup,240.0
171659,tbsp,14.9
173898,packet (1 NLEA serving),28.0
172994,packet (1 NLEA serving),28.0
174638,packet (1 NLEA serving),41.0
174626,cup (1 NLEA serving),40.0
171684,package (1 NLEA serving),75.0
173923,packet (1 NLEA serving),45.0
170896,package,566.0
170896,piece,21.0
173418,cubic inch,16.0
173418,cup,232.0
173418,"tbsp, whipped",10.0
173418,"package, small (3 oz)",85.0
173418,tbsp,14.5
173418,oz,28.35
172207,tbsp,18.0
169079,cup,240.0
169079,tbsp,15.0
169079,"tbsp, whipped",10.0
170847,oz,28.35
170845,oz,28.35
170845,"cup, shredded",112.0
170845,slices,170.0
170846,oz,28.35
170846,cubic inch,18.0
171248,cup,124.0
171248,cup,246.0
171248,oz,28.35
170851,cup,124.0
170851,cup,246.0
171514,piece,15.0
171514,oz,85.0
171514,pieces,62.0
172963,serving 2 slices,42.0
174608,serving 2 oz,56.0
171513,patty,60.0
171513,oz,85.0
171140,oz,85.0
171140,piece,181.0
171534,oz,85.0
171534,piece,196.0
171535,piece,195.0
171535,oz,85.0
171536,piece,192.0
171536,oz,85.0
171521,drumstick,53.0
171521,oz,28.35
171521,serving (3 oz),85.0
171470,"back, bone removed",120.0
171470,unit (yield from 1 lb ready-to-cook chicken),72.0
171071,"back, bone removed",53.0
171071,unit (yield from 1 lb ready-to-cook chicken),32.0
171072,oz,85.0
171072,unit (yield from 1 lb ready-to-cook chicken),36.0
171072,"cup, chopped or diced",160.0
171074,unit (yield from 1 lb ready-to-cook chicken),35.0
171074,"back, bone and skin removed",58.0
171472,"back, bone and skin removed",40.0
171472,oz,85.0
171472,unit (yield from 1 lb ready-to-cook chicken),24.0
171473,unit (yield from 1 lb ready-to-cook chicken),26.0
171473,"back, bone and skin removed",42.0
171475,"breast, bone removed",140.0
171475,oz,85.0
171475,unit (yield from 1 lb ready-to-cook chicken),84.0
171075,"breast, bone removed",98.0
171075,unit (yield from 1 lb ready-to-cook chicken),58.0
171075,"cup, chopped or diced",140.0
171076,unit (yield from 1 lb ready-to-cook chicken),66.0
171076,"breast, bone removed",110.0
171076,"cup, chopped or diced",140.0
171078,unit (yield from 1 lb ready-to-cook chicken),52.0
171078,"breast, bone and skin removed",86.0
171477,"cup, chopped or diced",140.0
171477,unit (yield from 1 lb ready-to-cook chicken),52.0
171477,"breast, bone and skin removed",86.0
171478,"cup, chopped or diced",140.0
171478,"breast, bone and skin removed",95.0
171478,unit (yield from 1 lb ready-to-cook chicken),57.0
174497,drumstick with skin,105.0
174497,oz,85.0
174497,drumstick without skin,95.0
172852,drumstick with skin,105.0
172852,oz,85.0
172852,drumstick without skin,95.0
172376,oz,85.0
172376,drumstick without skin,96.0
172376,drumstick with skin,105.0
171063,"chicken, bone removed",278.0
171063,unit (yield from 1 lb ready-to-cook chicken),167.0
171063,oz,85.0
171065,"chicken, bone removed",167.0
171065,unit (yield from 1 lb ready-to-cook chicken),101.0
171066,"chicken, bone removed",184.0
171066,unit (yield from 1 lb ready-to-cook chicken),110.0
171068,cup,140.0
171068,unit (yield from 1 lb ready-to-cook chicken),91.0
171069,"cup, chopped or diced",140.0
171069,"chicken, bone and skin removed",136.0
171069,unit (yield from 1 lb ready-to-cook chicken),81.0
171070,"chicken, bone and skin removed",143.0
171070,unit (yield from 1 lb ready-to-cook chicken),86.0
171070,"cup, chopped or diced",140.0
174498,thigh without skin,111.0
174498,thigh with skin,129.0
174498,oz,85.0
172853,thigh with skin,129.0
172853,oz,85.0
172853,thigh without skin,111.0
172374,"drumstick, bone removed",72.0
172374,unit (yield from 1 lb ready-to-cook chicken),43.0
173612,drumstick without skin,96.0
173612,drumstick with skin (yield from 1 lb ready-to-cook chicken),105.0
173612,oz,85.0
173613,"drumstick, bone removed",57.0
173613,unit (yield from 1 lb ready-to-cook chicken),34.0
173613,"cup, chopped or diced",140.0
172375,unit (yield from 1 lb ready-to-cook chicken),25.0
172375,"drumstick, bone and skin removed",42.0
172377,"drumstick, bone and skin removed",46.0
172377,unit (yield from 1 lb ready-to-cook chicken),28.0
172377,"cup, chopped or diced",160.0
172377,oz,85.0
171519,serving (3oz),85.0
171519,oz,28.35
171519,drumstick,53.0
171058,"cup, chopped or diced",145.0
171058,unit (yield from 1 lb ready-to-cook chicken),13.0
171455,cup chopped or dice,145.0
171455,oz,85.0
173615,unit (yield from 1 lb ready-to-cook chicken),95.0
173615,"leg, bone removed",158.0
173617,thigh with skin,133.0
173617,"leg, with skin (Sum of drumstick+thigh+back)",258.0
173617,back with skin,35.0
173617,drumstick with skin,91.0
173617,oz,85.0
173618,unit (yield from 1 lb ready-to-cook chicken),75.0
173618,"leg, bone removed",125.0
173618,"cup, chopped or diced",140.0
172379,"leg, bone and skin removed",94.0
172379,unit (yield from 1 lb ready-to-cook chicken),56.0
172380,drumstick bone and skin,105.0
172380,leg (Sum of drumstick+thigh+back meat only),199.0
172380,thigh bone and skin,72.0
172380,back bone and skin,22.0
172380,oz,85.0
172381,unit (yield from 1 lb ready-to-cook chicken),60.0
172381,oz,85.0
172381,"leg, bone and skin removed",101.0
172381,"cup, chopped or diced",160.0
171459,unit (yield from 1 lb ready-to-cook chicken),113.0
171459,"chicken, bone removed",188.0
171461,unit (yield from 1 lb ready-to-cook chicken),79.0
171461,"chicken, bone removed",132.0
171462,unit (yield from 1 lb ready-to-cook chicken),90.0
171462,"chicken, bone removed",150.0
171465,cup,140.0
171465,unit (yield from 1 lb ready-to-cook chicken),64.0
171466,"chicken, bone and skin removed",107.0
171466,"cup, chopped or diced",140.0
171466,unit (yield from 1 lb ready-to-cook chicken),64.0
171467,"cup, chopped or diced",140.0
171467,"chicken, bone and skin removed",119.0
171467,unit (yield from 1 lb ready-to-cook chicken),71.0
171048,oz,85.0
171048,chicken,1028.0
171048,unit (yield from 1 lb ready-to-cook chicken),308.0
171050,unit (yield from 1 lb ready-to-cook chicken),205.0
171050,oz,85.0
171050,chicken,682.0
171448,unit (yield from 1 lb ready-to-cook chicken),280.0
171448,"chicken, bone removed",466.0
171448,oz,85.0
171450,"cup, chopped or diced",140.0
171450,unit (yield from 1 lb ready-to-cook chicken),178.0
171450,"chicken, bone removed",299.0
171450,oz,85.0
171051,"chicken, bone removed",334.0
171051,unit (yield from 1 lb ready-to-cook chicken),200.0
171051,"cup, chopped or diced",140.0
171053,"cup, chopped or diced",140.0
171053,unit (yield from 1 lb ready-to-cook chicken),155.0
171053,"chicken, bone and skin removed",258.0
171054,unit (yield from 1 lb ready-to-cook chicken),146.0
171054,"cup, chopped or diced",140.0
171054,tbsp,8.7
171451,tbsp,8.7
171451,"cup, chopped or diced",140.0
171451,unit (yield from 1 lb ready-to-cook chicken),157.0
173622,unit (yield from 1 lb ready-to-cook chicken),11.0
173622,"neck, bone removed",38.0
173620,unit (yield from 1 lb ready-to-cook chicken),16.0
173620,"neck, bone removed",52.0
172383,"neck, bone and skin removed",22.0
172383,unit (yield from 1 lb ready-to-cook chicken),7.0
172384,"neck, bone and skin removed",18.0
172384,oz,85.0
172384,unit (yield from 1 lb ready-to-cook chicken),5.0
171122,back,102.0
171122,serving (3 oz),85.0
171122,oz,28.35
171517,back,102.0
171517,serving (3 oz),85.0
171517,oz,28.35
171123,serving (3 oz),85.0
171123,breast,343.0
171123,oz,28.35
171518,breast breast with skin and bone,483.0
171518,oz,28.35
171518,oz,85.0
171520,oz,85.0
171522,serving,85.0
171522,thigh,89.0
171120,oz,28.35
171120,serving (3 oz),85.0
171120,thigh,89.0
171523,oz,28.35
171523,serving (3 oz),85.0
171523,wing,53.0
171121,serving (3 oz),85.0
171121,wing,53.0
171121,oz,28.35
171453,oz,85.0
171453,unit (yield from 1 lb ready-to-cook chicken),114.0
171453,"chicken, skin only",190.0
171055,"chicken, skin only",56.0
171055,unit (yield from 1 lb ready-to-cook chicken),34.0
171056,oz,85.0
171056,"chicken, skin only",72.0
171056,unit (yield from 1 lb ready-to-cook chicken),44.0
172386,unit (yield from 1 lb ready-to-cook chicken),52.0
172386,"thigh, bone removed",86.0
173625,thigh with skin,137.0
173625,thigh without skin,116.0
173625,oz,85.0
173626,"thigh, bone removed",68.0
173626,unit (yield from 1 lb ready-to-cook chicken),41.0
172387,oz,85.0
172387,"thigh, bone and skin removed",52.0
172387,unit (yield from 1 lb ready-to-cook chicken),31.0
172388,thigh with skin,137.0
172388,oz,85.0
172388,thigh without skin,116.0
172389,unit (yield from 1 lb ready-to-cook chicken),33.0
172389,"thigh, bone and skin removed",55.0
172389,"cup, chopped or diced",140.0
173628,unit (yield from 1 lb ready-to-cook chicken),29.0
173628,"wing, bone removed",49.0
173630,piece,85.0
173630,oz,85.0
173631,"cup, chopped or diced",140.0
173631,"wing, bone removed",40.0
173631,unit (yield from 1 lb ready-to-cook chicken),24.0
172391,"wing, bone and skin removed",20.0
172391,oz,85.0
172391,unit (yield from 1 lb ready-to-cook chicken),12.0
172392,unit (yield from 1 lb ready-to-cook chicken),13.0
172392,"wing, bone and skin removed",21.0
172393,oz,85.0
172393,unit (yield from 1 lb ready-to-cook chicken),14.0
172393,"wing, bone and skin removed",24.0
172393,"cup, chopped or diced",140.0
174466,"cup, chopped or diced",145.0
174466,unit (yield from 1 lb ready-to cook capon),11.0
172407,unit (yield from 1 lb ready-to cook capon),218.0
172407,oz,85.0
172407,capon,1418.0
173646,oz,85.0
173646,unit (yield from 1 lb ready-to cook capon),196.0
173646,"capon, bone removed",637.0
171107,oz,85.0
171107,bird,129.0
171107,bird whole,257.0
171109,bird,110.0
171109,oz,85.0
171109,bird whole,220.0
174504,drumstick with skin,106.0
174504,oz,85.0
174504,drumstick without skin,95.0
172861,drumstick without skin,91.0
172861,drumstick with skin,129.0
172861,oz,85.0
172857,drumstick without skin,95.0
172857,drumstick with skin,106.0
172857,oz,85.0
172856,oz,85.0
172856,drumstick with skin,129.0
172856,drumstick without skin,91.0
172862,thigh without skin,132.0
172862,oz,85.0
172862,thigh with skin,158.0
174505,thigh with skin,130.0
174505,thigh without skin,112.0
174505,oz,85.0
172858,thigh without skin,132.0
172858,thigh with skin,158.0
172858,oz,85.0
174500,oz,85.0
174500,thigh without skin,112.0
174500,thigh with skin,130.0
171119,oz,85.0
171119,lb,453.6
171457,cup chopped or dice,145.0
171117,oz crumbled,85.0
171059,unit (yield from 1 lb ready-to-cook chicken),1.0
171059,"cup, chopped or diced",145.0
174491,oz,85.0
174491,liver,44.0
171061,oz,85.0
171061,liver,44.0
173639,"cup, chopped or diced",140.0
173639,unit (yield from 1 lb ready-to-cook chicken),94.0
172397,"cup, chopped or diced",145.0
172397,unit (yield from 1 lb ready-to-cook chicken),15.0
173637,unit (yield from 1 lb ready-to-cook chicken),78.0
173637,"cup, chopped or diced",140.0
173633,unit (yield from 1 lb ready-to-cook chicken),235.0
173633,chicken,1072.0
173633,oz,85.0
173635,"chicken, bone removed",480.0
173635,oz,85.0
173635,unit (yield from 1 lb ready-to-cook chicken),210.0
172395,"cup, chopped or diced",140.0
172395,unit (yield from 1 lb ready-to-cook chicken),171.0
172854,oz,85.0
172854,lb,453.0
174496,oz,85.0
174496,lb,453.0
174501,oz,85.0
174503,oz,85.0
172405,unit (yield from 1 lb ready-to-cook chicken),73.0
172405,"cup, chopped or diced",140.0
173642,unit (yield from 1 lb ready-to-cook chicken),17.0
173642,"cup, chopped or diced",145.0
173644,"cup, chopped or diced",140.0
173644,unit (yield from 1 lb ready-to-cook chicken),64.0
172399,unit (yield from 1 lb ready-to-cook chicken),202.0
172399,oz,85.0
172399,"chicken, bone removed",593.0
172399,"cup, chopped or diced",160.0
172401,oz,85.0
172401,unit (yield from 1 lb ready-to-cook chicken),178.0
172401,"chicken, bone removed",261.0
172403,unit (yield from 1 lb ready-to-cook chicken),137.0
172403,oz,85.0
172403,"cup, chopped or diced",140.0
174288,cup,92.0
171836,cookies,25.0
174954,oz,28.35
174954,"cookie, medium (2-1/4"" dia)",12.0
171866,serving,40.0
172719,oz,28.35
172719,cookie,17.0
174096,cookie,62.0
174097,bar,22.0
172730,cookie,12.0
172730,oz,28.35
169694,cup,114.0
169696,cup,114.0
168921,tbsp,6.9
169748,cup,117.0
170290,cup,117.0
169695,cup,126.0
169749,cup,114.0
169363,cup,256.0
169363,can (303 x 406),482.0
169362,cup,256.0
169362,can (303 x 406),482.0
168540,"ear, large (7-3/4"" to 9"" long)",118.0
168540,cup cut,157.0
168540,"ear, small (5-1/2"" to 6-1/2"" long)",89.0
168540,"ear, medium (6-3/4"" to 7-1/2"" long)",103.0
168540,"ear, yields",77.0
168539,"ear, large (7-3/4"" to 9"" long)",116.0
168539,cup cut,157.0
168539,"ear, yields",77.0
168539,"ear, small (5-1/2"" to 6-1/2"" long)",89.0
168539,"ear, medium (6-3/4"" to 7-1/2"" long)",103.0
169364,package (10 oz) yields,284.0
169364,cup,165.0
168545,package (10 oz) yields,284.0
168545,cup,165.0
169367,cup kernels,165.0
169367,"ear, yields",63.0
169366,cup kernels,165.0
169366,"ear, yields",63.0
169346,cup,256.0
169346,can (303 x 406),482.0
169215,cup,256.0
169215,can (303 x 406),482.0
168525,cup,149.0
168525,"ear small (5-1/2"" to 6-1/2"" long)",89.0
168525,baby ear,8.0
168525,"ear large (7-3/4"" to 9"" long)",118.0
168525,"ear medium (6-3/4"" to 7-1/2"" long)",103.0
168525,"ear, yields",77.0
169999,"ear small (5-1/2"" to 6-1/2"" long)",89.0
169999,cup cut,149.0
169999,baby ear,8.0
169999,"ear medium (6-3/4"" to 7-1/2"" long)",103.0
169999,"ear large (7-3/4"" to 9"" long)",118.0
168399,cup,165.0
168399,package (10 oz) yields,284.0
169349,cup kernels,165.0
169349,"ear, yields",63.0
168401,"ear, yields",63.0
168401,cup kernels,165.0
169348,cup,165.0
169348,package (10 oz) yields,284.0
169842,serving,175.0
168073,piece,36.0
168073,serving,103.0
168074,serving,149.0
169849,serving,175.0
169849,cup,149.0
167671,cup,149.0
167671,serving,257.0
169021,serving,261.0
